"","age","clinic","no","percent"
"1","1","1",33,3.79746835443038
"2","2","1",745,85.7307249712313
"3","3","1",91,10.4718066743383
"4","1","2",0,0
"5","2","2",104,69.3333333333333
"6","3","2",46,30.6666666666667
